round_date,course,total_score,hole,shot,club,club_short,start_lat,start_lng,end_lat,end_lng,distance_m,stroke_type,lie,to_lie,dist_to_pin
2026-06-14,N/A - Golf Club Witbos,99,1,1,9 Iron,9i,51.12999,4.8404638888888885,51.131125,4.8408508333333335,129.09,Hit,rough,fairway,178.5
2026-06-14,N/A - Golf Club Witbos,99,1,2,60 Degree Wedge,60,51.131125,4.8408508333333335,51.13147227272727,4.841273181818181,48.59,Hit,fairway,green,52.27
2026-06-14,N/A - Golf Club Witbos,99,1,3,Putter,P,51.13147227272727,4.841273181818181,51.13150070764003,4.8412766666666665,3.16999984,Hit,green,green,4.38
2026-06-14,N/A - Golf Club Witbos,99,1,4,Putter,P,51.13150070764003,4.8412766666666665,51.13150618715335,4.8412766666666665,0.599999964,Hit,green,green,1.20999992
2026-06-14,N/A - Golf Club Witbos,99,1,5,Putter,P,51.13150618715335,4.8412766666666665,51.13151166666667,4.8412766666666665,0.599999964,Hit,green,green,0.599999964
2026-06-14,N/A - Golf Club Witbos,99,2,1,Pitching Wedge,Pw,51.130458201467505,4.842359682895934,51.13106200462963,4.843526143518519,105.54,Hit,tee,fairway,105.38
2026-06-14,N/A - Golf Club Witbos,99,2,2,Putter,P,51.13106200462963,4.843526143518519,51.131,4.8435983333333334,8.54,Hit,fairway,green,8.54
2026-06-14,N/A - Golf Club Witbos,99,3,1,Pitching Wedge,Pw,51.13040101671876,4.845308096694683,51.129897194395454,4.8469022288918495,124.579994,Hit,tee,bunker,144.33
2026-06-14,N/A - Golf Club Witbos,99,3,2,60 Degree Wedge,60,51.129897194395454,4.8469022288918495,51.12984080586376,4.847187548875809,20.8699989,Hit,bunker,green,19.74
2026-06-14,N/A - Golf Club Witbos,99,3,3,Putter,P,51.12984080586376,4.847187548875809,51.12981829251283,4.847155697643757,3.34,Hit,green,green,3.34
2026-06-14,N/A - Golf Club Witbos,99,4,1,7 Iron,7i,51.12923083333334,4.849490833333333,51.12997,4.848918333333334,91.409996,Hit,tee,rough,368.19
2026-06-14,N/A - Golf Club Witbos,99,4,2,Sand Wedge,Sw,51.12997,4.848918333333334,51.130567,4.848413333333333,75.17,Hit,rough,rough,293.61
2026-06-14,N/A - Golf Club Witbos,99,4,3,9 Iron,9i,51.130567,4.848413333333333,51.1309825,4.8467883333333335,122.469994,Hit,rough,rough,239.06
2026-06-14,N/A - Golf Club Witbos,99,4,4,Sand Wedge,Sw,51.1309825,4.8467883333333335,51.13107785714285,4.845871904761905,64.83,Hit,rough,rough,119.979996
2026-06-14,N/A - Golf Club Witbos,99,4,5,60 Degree Wedge,60,51.13107785714285,4.845871904761905,51.13103566666667,4.845056333333335,57.11,Hit,rough,green,56.02
2026-06-14,N/A - Golf Club Witbos,99,4,6,Putter,P,51.13103566666667,4.845056333333335,51.13103285381957,4.845071666666667,1.11,Hit,green,green,1.11
2026-06-14,N/A - Golf Club Witbos,99,4,7,Putter,P,51.13103285381957,4.845071666666667,51.131038333333336,4.845071666666667,0.599999964,Hit,green,green,0.599999964
2026-06-14,N/A - Golf Club Witbos,99,5,1,8 Iron,8i,51.129826666666666,4.846236666666666,51.12916645260294,4.845932610332966,76.43,Hit,tee,rough,224.23999
2026-06-14,N/A - Golf Club Witbos,99,5,2,Sand Wedge,Sw,51.12916645260294,4.845932610332966,51.12826533333333,4.846043,100.52,Hit,rough,fairway,147.819992
2026-06-14,N/A - Golf Club Witbos,99,5,3,60 Degree Wedge,60,51.12826533333333,4.846043,51.127855772357734,4.8453402845528455,66.9399948,Hit,fairway,green,65.92
2026-06-14,N/A - Golf Club Witbos,99,5,4,Putter,P,51.127855772357734,4.8453402845528455,51.127875283190775,4.845322565531728,2.49,Hit,green,green,5.35999966
2026-06-14,N/A - Golf Club Witbos,99,5,5,Putter,P,51.127875283190775,4.845322565531728,51.12789767862894,4.845302226818315,2.86,Hit,green,green,2.86
2026-06-14,N/A - Golf Club Witbos,99,6,1,Driver,D,51.12734072128454,4.844957500866953,51.127780666666666,4.846750333333333,134.37,Hit,tee,rough,352.91
2026-06-14,N/A - Golf Club Witbos,99,6,2,7 Iron,7i,51.127780666666666,4.846750333333333,51.12849819142104,4.84758585691452,98.84,Hit,rough,bunker,227.19
2026-06-14,N/A - Golf Club Witbos,99,6,3,Sand Wedge,Sw,51.12849819142104,4.84758585691452,51.12890444444444,4.847881666666667,49.68,Hit,bunker,fairway,129.45
2026-06-14,N/A - Golf Club Witbos,99,6,4,60 Degree Wedge,60,51.12890444444444,4.847881666666667,51.12923222222222,4.848627222222222,63.5399971,Hit,fairway,fairway,85.96
2026-06-14,N/A - Golf Club Witbos,99,6,5,60 Degree Wedge,60,51.12923222222222,4.848627222222222,51.129257499999994,4.8488902777777785,18.57,Hit,fairway,green,23.57
2026-06-14,N/A - Golf Club Witbos,99,6,6,Putter,P,51.129257499999994,4.8488902777777785,51.12928333333333,4.848955,5.35,Hit,green,green,5.35
2026-06-14,N/A - Golf Club Witbos,99,7,1,Driver,D,51.12962471932312,4.8515984416008,51.129408000550185,4.8496343940496445,0.0,Hit,rough,0,506.69
2026-06-14,N/A - Golf Club Witbos,99,7,0,Unknown,,,,,,0.0,Penalty,,,0.0
2026-06-14,N/A - Golf Club Witbos,99,7,3,Driver,D,51.12962471932312,4.8515984416008,51.12925798006611,4.850646257400513,77.9799957,Hit,rough,rough,506.69
2026-06-14,N/A - Golf Club Witbos,99,7,4,7 Iron,7i,51.12925798006611,4.850646257400513,51.128857361967235,4.849090911448002,117.35,Hit,rough,fairway,428.72
2026-06-14,N/A - Golf Club Witbos,99,7,5,7 Iron,7i,51.128857361967235,4.849090911448002,51.12786111111111,4.84772,146.41,Hit,fairway,rough,313.94
2026-06-14,N/A - Golf Club Witbos,99,7,6,8 Iron,8i,51.12786111111111,4.84772,51.127393125000005,4.845536666666667,161.04,Hit,rough,fairway,174.19
2026-06-14,N/A - Golf Club Witbos,99,7,7,60 Degree Wedge,60,51.127393125000005,4.845536666666667,51.12717070763187,4.845471666666667,25.15,Hit,fairway,green,23.9499989
2026-06-14,N/A - Golf Club Witbos,99,7,8,Putter,P,51.12717070763187,4.845471666666667,51.12717618714927,4.845471666666667,0.599999964,Hit,green,green,1.20999992
2026-06-14,N/A - Golf Club Witbos,99,7,9,Putter,P,51.12717618714927,4.845471666666667,51.127181666666665,4.845471666666667,0.599999964,Hit,green,green,0.599999964
2026-06-14,N/A - Golf Club Witbos,99,8,1,Driver,D,51.12683949003404,4.845458529889584,51.12708757309879,4.845677129924297,0.0,Hit,rough,0,308.07
2026-06-14,N/A - Golf Club Witbos,99,8,0,Unknown,,,,,,0.0,Penalty,,,0.0
2026-06-14,N/A - Golf Club Witbos,99,8,3,Driver,D,51.12683949003404,4.845458529889584,51.12700382680181,4.845751561224461,27.43,Hit,tee,rough,308.07
2026-06-14,N/A - Golf Club Witbos,99,8,4,7 Iron,7i,51.12700382680181,4.845751561224461,51.12786106186952,4.8473189771175385,145.12,Hit,rough,fairway,281.02
2026-06-14,N/A - Golf Club Witbos,99,8,5,9 Iron,9i,51.12786106186952,4.8473189771175385,51.128403750000004,4.849066666666666,136.11,Hit,fairway,fairway,139.8
2026-06-14,N/A - Golf Club Witbos,99,8,6,60 Degree Wedge,60,51.128403750000004,4.849066666666666,51.12833444444444,4.8491672222222215,10.42,Hit,fairway,green,10.88
2026-06-14,N/A - Golf Club Witbos,99,8,7,Putter,P,51.12833444444444,4.8491672222222215,51.12833377483443,4.849171909492274,0.329999983,Hit,green,green,0.55
2026-06-14,N/A - Golf Club Witbos,99,8,8,Putter,P,51.12833377483443,4.849171909492274,51.12833333333333,4.849175,0.22,Hit,green,green,0.22
2026-06-14,N/A - Golf Club Witbos,99,9,1,9 Iron,9i,51.12756271769137,4.848710068783787,51.1264175,4.848229166666666,131.72,Hit,tee,fairway,160.849991
2026-06-14,N/A - Golf Club Witbos,99,9,2,60 Degree Wedge,60,51.1264175,4.848229166666666,51.12629166666667,4.84838,17.51,Hit,fairway,green,30.6099987
2026-06-14,N/A - Golf Club Witbos,99,9,3,Putter,P,51.12629166666667,4.84838,51.126151666666665,4.848278333333333,17.1099987,Hit,green,green,18.24
2026-06-14,N/A - Golf Club Witbos,99,9,4,Putter,P,51.126151666666665,4.848278333333333,51.12614333333333,4.848268333333333,1.16,Hit,green,green,1.16
2026-06-14,N/A - Golf Club Witbos,99,10,1,52 Degree Wedge,52,51.12626230773882,4.848700985312462,51.12693051282051,4.84975794871795,104.72,Hit,tee,green,108.7
2026-06-14,N/A - Golf Club Witbos,99,10,2,Putter,P,51.12693051282051,4.84975794871795,51.12689636363635,4.849899090909091,10.55,Hit,green,green,9.45
2026-06-14,N/A - Golf Club Witbos,99,10,3,Putter,P,51.12689636363635,4.849899090909091,51.12689833333334,4.8498833333333335,1.12,Hit,green,green,1.12
2026-06-14,N/A - Golf Club Witbos,99,11,1,8 Iron,8i,51.12922222222222,4.849486666666667,51.13031166666667,4.84896,126.619995,Hit,tee,rough,370.44
2026-06-14,N/A - Golf Club Witbos,99,11,2,Sand Wedge,Sw,51.13031166666667,4.84896,51.13085611111111,4.847899444444445,95.64,Hit,rough,fairway,283.97998
2026-06-14,N/A - Golf Club Witbos,99,11,3,8 Iron,8i,51.13085611111111,4.847899444444445,51.131146111111114,4.845893333333334,143.69,Hit,fairway,fairway,198.43
2026-06-14,N/A - Golf Club Witbos,99,11,4,60 Degree Wedge,60,51.131146111111114,4.845893333333334,51.130946111111115,4.845011666666667,65.43,Hit,fairway,rough,57.3999977
2026-06-14,N/A - Golf Club Witbos,99,11,5,60 Degree Wedge,60,51.130946111111115,4.845011666666667,51.13105,4.845135,14.4,Hit,rough,green,15.24
2026-06-14,N/A - Golf Club Witbos,99,11,6,Putter,P,51.13105,4.845135,51.131063310657595,4.845106714852608,2.46,Hit,green,green,4.94
2026-06-14,N/A - Golf Club Witbos,99,11,7,Putter,P,51.131063310657595,4.845106714852608,51.131076666666665,4.845078333333333,2.47,Hit,green,green,2.47
2026-06-14,N/A - Golf Club Witbos,99,12,1,8 Iron,8i,51.129681633943655,4.846242013977483,51.129043994885805,4.8460425809025764,72.27,Hit,tee,rough,216.5
2026-06-14,N/A - Golf Club Witbos,99,12,2,Sand Wedge,Sw,51.129043994885805,4.8460425809025764,51.128320555555554,4.846048333333333,80.46,Hit,rough,fairway,145.14
2026-06-14,N/A - Golf Club Witbos,99,12,3,60 Degree Wedge,60,51.128320555555554,4.846048333333333,51.12779666666666,4.8452166666666665,82.25,Hit,fairway,fairway,77.2999954
2026-06-14,N/A - Golf Club Witbos,99,12,4,60 Degree Wedge,60,51.12779666666666,4.8452166666666665,51.127842424242424,4.845239696969697,5.33,Hit,fairway,green,5.13
2026-06-14,N/A - Golf Club Witbos,99,12,5,Putter,P,51.127842424242424,4.845239696969697,51.12783118714989,4.845253333333334,1.56999993,Hit,green,green,1.14
2026-06-14,N/A - Golf Club Witbos,99,12,6,Putter,P,51.12783118714989,4.845253333333334,51.12783666666667,4.845253333333334,0.599999964,Hit,green,green,0.599999964
2026-06-14,N/A - Golf Club Witbos,99,13,1,7 Iron,7i,51.12717258174743,4.844595529139042,51.128060000000005,4.846245,151.65,Hit,tee,fairway,386.449982
2026-06-14,N/A - Golf Club Witbos,99,13,2,7 Iron,7i,51.128060000000005,4.846245,51.12891666666667,4.8480039999999995,155.41,Hit,fairway,fairway,235.15
2026-06-14,N/A - Golf Club Witbos,99,13,3,60 Degree Wedge,60,51.12891666666667,4.8480039999999995,51.12915025117105,4.848803244531155,61.5399971,Hit,fairway,green,80.08
2026-06-14,N/A - Golf Club Witbos,99,13,4,Putter,P,51.12915025117105,4.848803244531155,51.129253253040766,4.848966877777042,16.17,Hit,green,green,20.06
2026-06-14,N/A - Golf Club Witbos,99,13,5,Putter,P,51.129253253040766,4.848966877777042,51.12929,4.848985,4.27,Hit,green,green,4.27
2026-06-14,N/A - Golf Club Witbos,99,14,1,7 Iron,7i,51.12953166666667,4.851184444444445,51.12911666666667,4.850508888888889,65.9799957,Hit,rough,rough,472.43
2026-06-14,N/A - Golf Club Witbos,99,14,2,7 Iron,7i,51.12911666666667,4.850508888888889,51.12858444444444,4.848272777777777,166.93,Hit,rough,fairway,407.789978
2026-06-14,N/A - Golf Club Witbos,99,14,3,7 Iron,7i,51.12858444444444,4.848272777777777,51.12787277777778,4.8464616666666664,149.15,Hit,fairway,bunker,246.08
2026-06-14,N/A - Golf Club Witbos,99,14,4,Sand Wedge,Sw,51.12787277777778,4.8464616666666664,51.12749388888889,4.8458483333333335,60.07,Hit,bunker,fairway,99.9399948
2026-06-14,N/A - Golf Club Witbos,99,14,5,60 Degree Wedge,60,51.12749388888889,4.8458483333333335,51.12719055555556,4.845524999999999,40.59,Hit,fairway,green,40.61
2026-06-14,N/A - Golf Club Witbos,99,14,6,Putter,P,51.12719055555556,4.845524999999999,51.12717618714927,4.8455466666666664,2.2,Hit,green,green,1.8
2026-06-14,N/A - Golf Club Witbos,99,14,7,Putter,P,51.12717618714927,4.8455466666666664,51.127181666666665,4.8455466666666664,0.599999964,Hit,green,green,0.599999964
2026-06-14,N/A - Golf Club Witbos,99,15,1,6 Iron,6i,51.12696665869065,4.845650816278795,51.127564166666666,4.847341666666667,135.45,Hit,tee,bunker,294.889984
2026-06-14,N/A - Golf Club Witbos,99,15,2,8 Iron,8i,51.127564166666666,4.847341666666667,51.12765777777778,4.847480555555556,14.2199993,Hit,bunker,rough,159.62999
2026-06-14,N/A - Golf Club Witbos,99,15,3,9 Iron,9i,51.12765777777778,4.847480555555556,51.12854450000001,4.8491843333333335,154.5,Hit,rough,rough,145.84
2026-06-14,N/A - Golf Club Witbos,99,15,4,60 Degree Wedge,60,51.12854450000001,4.8491843333333335,51.1283358974359,4.849270897435898,23.97,Hit,rough,green,21.3599987
2026-06-14,N/A - Golf Club Witbos,99,15,5,Putter,P,51.1283358974359,4.849270897435898,51.12835118715038,4.849248333333334,2.31,Hit,green,green,2.79
2026-06-14,N/A - Golf Club Witbos,99,15,6,Putter,P,51.12835118715038,4.849248333333334,51.12835666666667,4.849248333333334,0.599999964,Hit,green,green,0.599999964
2026-06-14,N/A - Golf Club Witbos,99,16,1,Driver,D,51.1281325,4.850021666666667,51.12787083333333,4.8494649999999995,48.5399971,Hit,tee,rough,301.169983
2026-06-14,N/A - Golf Club Witbos,99,16,2,8 Iron,8i,51.12787083333333,4.8494649999999995,51.12788946776659,4.849268272519112,13.88,Hit,rough,rough,253.31
2026-06-14,N/A - Golf Club Witbos,99,16,3,7 Iron,7i,51.12788946776659,4.849268272519112,51.12715458333333,4.8472225,164.54,Hit,rough,fairway,242.049988
2026-06-14,N/A - Golf Club Witbos,99,16,4,52 Degree Wedge,52,51.12715458333333,4.8472225,51.126765,4.846195,83.79,Hit,fairway,green,77.7
2026-06-14,N/A - Golf Club Witbos,99,16,5,Putter,P,51.126765,4.846195,51.126847044295815,4.846227600275559,9.4,Hit,green,fairway,10.7
2026-06-14,N/A - Golf Club Witbos,99,16,6,Putter,P,51.126847044295815,4.846227600275559,51.12686056203396,4.846212682116569,1.81999993,Hit,green,green,1.81999993
2026-06-14,N/A - Golf Club Witbos,99,17,1,9 Iron,9i,51.12734595256996,4.843682976252186,51.12772197792881,4.843771420419216,0.0,Hit,tee,0,136.73999
2026-06-14,N/A - Golf Club Witbos,99,17,0,Unknown,,,,,,0.0,Penalty,,,0.0
2026-06-14,N/A - Golf Club Witbos,99,17,3,9 Iron,9i,51.12734595256996,4.843682976252186,51.12826833333333,4.842466666666667,133.16,Hit,tee,rough,136.73999
2026-06-14,N/A - Golf Club Witbos,99,17,4,60 Degree Wedge,60,51.12826833333333,4.842466666666667,51.12833666666666,4.842554444444445,9.76,Hit,rough,green,14.28
2026-06-14,N/A - Golf Club Witbos,99,17,5,Putter,P,51.12833666666666,4.842554444444445,51.12836285381705,4.842595,4.06,Hit,green,green,4.50999975
2026-06-14,N/A - Golf Club Witbos,99,17,6,Putter,P,51.12836285381705,4.842595,51.128368333333334,4.842595,0.599999964,Hit,green,green,0.599999964
2026-06-14,N/A - Golf Club Witbos,99,18,1,52 Degree Wedge,52,51.12865857142856,4.841047142857143,51.12929555555556,4.840143888888889,94.84,Hit,rough,fairway,106.619995
2026-06-14,N/A - Golf Club Witbos,99,18,2,52 Degree Wedge,52,51.12929555555556,4.840143888888889,51.129345,4.840098333333334,6.35,Hit,fairway,green,11.8
2026-06-14,N/A - Golf Club Witbos,99,18,3,Putter,P,51.129345,4.840098333333334,51.12935984764543,4.840053790397045,3.52,Hit,green,green,5.92
2026-06-14,N/A - Golf Club Witbos,99,18,4,Putter,P,51.12935984764543,4.840053790397045,51.12937,4.840023333333333,2.39999986,Hit,green,green,2.39999986
2026-06-13,N/A - Golf Club Witbos,62,1,1,9 Iron,9i,51.12997305555555,4.840472777777777,51.13120555555556,4.841078888888888,143.459991,Hit,rough,fairway,187.75
2026-06-13,N/A - Golf Club Witbos,62,1,2,60 Degree Wedge,60,51.13120555555556,4.841078888888888,51.131471999999995,4.841272,32.55,Hit,fairway,green,44.51
2026-06-13,N/A - Golf Club Witbos,62,1,3,Putter,P,51.131471999999995,4.841272,51.13155166666667,4.841313333333334,9.309999,Hit,green,green,11.96
2026-06-13,N/A - Golf Club Witbos,62,1,4,Putter,P,51.13155166666667,4.841313333333334,51.131571666666666,4.841336666666667,2.75,Hit,green,green,2.75
2026-06-13,N/A - Golf Club Witbos,62,2,1,Pitching Wedge,Pw,51.130458201467505,4.842359682895934,51.13102119047619,4.843828333333334,120.119995,Hit,tee,fairway,107.64
2026-06-13,N/A - Golf Club Witbos,62,2,2,60 Degree Wedge,60,51.13102119047619,4.843828333333334,51.13104238095239,4.843674999999999,10.95,Hit,fairway,green,15.12
2026-06-13,N/A - Golf Club Witbos,62,2,3,Putter,P,51.13104238095239,4.843674999999999,51.13101785381955,4.843611666666667,5.19,Hit,green,green,4.9
2026-06-13,N/A - Golf Club Witbos,62,2,4,Putter,P,51.13101785381955,4.843611666666667,51.13102333333333,4.843611666666667,0.599999964,Hit,green,green,0.599999964
2026-06-13,N/A - Golf Club Witbos,62,3,1,Pitching Wedge,Pw,51.130382604166655,4.845376249999999,51.12979541666667,4.847340833333333,151.87999,Hit,tee,rough,139.29
2026-06-13,N/A - Golf Club Witbos,62,3,2,60 Degree Wedge,60,51.12979541666667,4.847340833333333,51.129805,4.8472583333333334,5.85,Hit,rough,green,12.69
2026-06-13,N/A - Golf Club Witbos,62,3,3,Putter,P,51.129805,4.8472583333333334,51.129825,4.847175,6.22,Hit,green,green,6.94
2026-06-13,N/A - Golf Club Witbos,62,3,4,Putter,P,51.129825,4.847175,51.12983166666667,4.847168333333333,0.87,Hit,green,green,0.87
2026-06-13,N/A - Golf Club Witbos,62,4,1,7 Iron,7i,51.129279583333336,4.849478333333333,51.13053416666666,4.8485725,153.19,Hit,tee,fairway,364.43
2026-06-13,N/A - Golf Club Witbos,62,4,2,Sand Wedge,Sw,51.13053416666666,4.8485725,51.1308475,4.847603333333334,76.09,Hit,fairway,fairway,250.09
2026-06-13,N/A - Golf Club Witbos,62,4,3,9 Iron,9i,51.1308475,4.847603333333334,51.131311000000004,4.845910000000001,128.94,Hit,fairway,fairway,177.209991
2026-06-13,N/A - Golf Club Witbos,62,4,4,52 Degree Wedge,52,51.131311000000004,4.845910000000001,51.13111333333333,4.845306666666667,47.5,Hit,fairway,tee,64.4799957
2026-06-13,N/A - Golf Club Witbos,62,4,5,Putter,P,51.13111333333333,4.845306666666667,51.13108,4.845138333333333,12.32,Hit,tee,green,17.0
2026-06-13,N/A - Golf Club Witbos,62,4,6,Putter,P,51.13108,4.845138333333333,51.13105,4.845085,4.99,Hit,green,green,4.99
2026-06-13,N/A - Golf Club Witbos,62,5,1,8 Iron,8i,51.129661917038696,4.846236529585266,51.128729722222225,4.845805555555555,107.96,Hit,tee,rough,210.519989
2026-06-13,N/A - Golf Club Witbos,62,5,2,Pitching Wedge,Pw,51.128729722222225,4.845805555555555,51.12846555555556,4.845948888888889,31.0299988,Hit,rough,rough,102.649994
2026-06-13,N/A - Golf Club Witbos,62,5,3,52 Degree Wedge,52,51.12846555555556,4.845948888888889,51.128458333333334,4.84595,0.799999952,Hit,rough,unknown,80.65
2026-06-13,N/A - Golf Club Witbos,62,5,0,Unknown,,,,,,0.0,Penalty,,,0.0
2026-06-13,N/A - Golf Club Witbos,62,5,5,60 Degree Wedge,60,51.128375,4.846033333333334,51.127889999999994,4.845340833333333,72.43,Hit,fairway,green,76.2
2026-06-13,N/A - Golf Club Witbos,62,5,6,Putter,P,51.127889999999994,4.845340833333333,51.12787741976351,4.845329301449888,1.61,Hit,green,green,3.84
2026-06-13,N/A - Golf Club Witbos,62,5,7,Putter,P,51.12787741976351,4.845329301449888,51.12786,4.845313333333333,2.23,Hit,green,green,2.23
2026-06-13,N/A - Golf Club Witbos,62,6,1,7 Wood,7w,51.12717405466818,4.844585470855236,51.12755666666666,4.845302222222222,65.68,Hit,tee,rough,386.93
2026-06-13,N/A - Golf Club Witbos,62,6,2,7 Iron,7i,51.12755666666666,4.845302222222222,51.128505,4.847089166666667,163.349991,Hit,rough,fairway,321.33
2026-06-13,N/A - Golf Club Witbos,62,6,3,8 Iron,8i,51.128505,4.847089166666667,51.12913266666667,4.849070666666667,154.93,Hit,fairway,fairway,158.44
2026-06-13,N/A - Golf Club Witbos,62,6,4,60 Degree Wedge,60,51.12913266666667,4.849070666666667,51.12927073294631,4.848979698105343,16.6099987,Hit,fairway,green,20.06
2026-06-13,N/A - Golf Club Witbos,62,6,5,Putter,P,51.12927073294631,4.848979698105343,51.129296364542036,4.848970809216454,2.90999985,Hit,green,green,3.51
2026-06-13,N/A - Golf Club Witbos,62,6,6,Putter,P,51.129296364542036,4.848970809216454,51.12930184405742,4.848970809216454,0.599999964,Hit,green,green,0.599999964
2026-06-13,N/A - Golf Club Witbos,62,7,1,Driver,D,51.12948879679415,4.851257801055908,51.128609999999995,4.848566666666667,211.75,Hit,tee,fairway,474.21
2026-06-13,N/A - Golf Club Witbos,62,7,2,7 Iron,7i,51.128609999999995,4.848566666666667,51.127782222222216,4.846781666666666,154.92,Hit,fairway,fairway,264.11
2026-06-13,N/A - Golf Club Witbos,62,7,3,52 Degree Wedge,52,51.127782222222216,4.846781666666666,51.127055,4.845768333333333,107.45,Hit,fairway,rough,109.21
2026-06-13,N/A - Golf Club Witbos,62,7,4,60 Degree Wedge,60,51.127055,4.845768333333333,51.12717333333333,4.845593333333333,17.9499989,Hit,rough,green,20.38
2026-06-13,N/A - Golf Club Witbos,62,7,5,Putter,P,51.12717333333333,4.845593333333333,51.127176666666664,4.84555,3.04,Hit,green,green,3.04
2026-06-13,N/A - Golf Club Witbos,62,8,1,Driver,D,51.12701722222223,4.845657500000001,51.127118925316616,4.845779724419117,0.0,Hit,rough,0,292.38
2026-06-13,N/A - Golf Club Witbos,62,8,0,Unknown,,,,,,0.0,Penalty,,,0.0
2026-06-13,N/A - Golf Club Witbos,62,8,3,Driver,D,51.12701722222223,4.845657500000001,51.127716666666664,4.847096666666666,127.06,Hit,rough,fairway,292.38
2026-06-13,N/A - Golf Club Witbos,62,8,4,8 Iron,8i,51.127716666666664,4.847096666666666,51.12830208333334,4.8484758333333335,116.219994,Hit,fairway,rough,167.05
2026-06-13,N/A - Golf Club Witbos,62,8,5,52 Degree Wedge,52,51.12830208333334,4.8484758333333335,51.128344999999996,4.848905,30.33,Hit,rough,fairway,55.18
2026-06-13,N/A - Golf Club Witbos,62,8,6,60 Degree Wedge,60,51.128344999999996,4.848905,51.12836416666667,4.849258333333333,24.75,Hit,fairway,green,24.93
2026-06-13,N/A - Golf Club Witbos,62,8,7,Putter,P,51.12836416666667,4.849258333333333,51.12835666666667,4.849261666666667,0.859999955,Hit,green,green,0.859999955
2026-06-13,N/A - Golf Club Witbos,62,9,1,8 Iron,8i,51.12756271769137,4.848710068783787,51.12626104521039,4.848003275692463,152.95,Hit,tee,bunker,152.4
2026-06-13,N/A - Golf Club Witbos,62,9,2,60 Degree Wedge,60,51.12626104521039,4.848003275692463,51.1262631494244,4.8480404913425446,2.6,Hit,bunker,bunker,21.4
2026-06-13,N/A - Golf Club Witbos,62,9,3,60 Degree Wedge,60,51.1262631494244,4.8480404913425446,51.12624673655254,4.848093464970589,4.12,Hit,bunker,fairway,18.9499989
2026-06-13,N/A - Golf Club Witbos,62,9,4,60 Degree Wedge,60,51.12624673655254,4.848093464970589,51.12620944444444,4.848323888888889,16.6099987,Hit,fairway,green,14.91
2026-06-13,N/A - Golf Club Witbos,62,9,5,Putter,P,51.12620944444444,4.848323888888889,51.12621118714836,4.848301666666667,1.56,Hit,green,green,1.74
2026-06-13,N/A - Golf Club Witbos,62,9,6,Putter,P,51.12621118714836,4.848301666666667,51.126216666666664,4.848301666666667,0.599999964,Hit,green,green,0.599999964
2026-06-13,N/A - Golf Club Witbos,62,10,1,52 Degree Wedge,52,51.12629917357896,4.848939701914787,51.1268138888889,4.849844444444445,85.24,Hit,tee,green,91.95
2026-06-13,N/A - Golf Club Witbos,62,10,2,Putter,P,51.1268138888889,4.849844444444445,51.12687209584165,4.849914257422495,8.099999,Hit,green,green,7.17
2026-06-13,N/A - Golf Club Witbos,62,10,3,Putter,P,51.12687209584165,4.849914257422495,51.126871666666666,4.84989,1.68999994,Hit,green,green,1.68999994
2026-06-13,N/A - Golf Club Witbos,62,16,1,Driver,D,51.12817057999844,4.849982410669327,51.12792333333333,4.847714166666666,160.7,Hit,tee,rough,295.4
2026-06-13,N/A - Golf Club Witbos,62,16,2,9 Iron,9i,51.12792333333333,4.847714166666666,51.127069687595835,4.846160262823105,144.15,Hit,rough,rough,153.23
2026-06-13,N/A - Golf Club Witbos,62,16,3,60 Degree Wedge,60,51.127069687595835,4.846160262823105,51.12703644158377,4.846150875091553,3.75,Hit,rough,bunker,23.21
2026-06-13,N/A - Golf Club Witbos,62,16,4,60 Degree Wedge,60,51.12703644158377,4.846150875091553,51.126983333333335,4.846213333333333,7.33999968,Hit,bunker,green,20.14
2026-06-13,N/A - Golf Club Witbos,62,16,5,Putter,P,51.126983333333335,4.846213333333333,51.126886666666664,4.846273333333333,11.53,Hit,green,green,12.92
2026-06-13,N/A - Golf Club Witbos,62,16,6,Putter,P,51.126886666666664,4.846273333333333,51.12687666666667,4.846286666666667,1.44999993,Hit,green,green,1.44999993
2026-06-13,N/A - Golf Club Witbos,62,17,1,9 Iron,9i,51.12734595256996,4.843682976252186,51.128547499999996,4.842623333333334,152.73999,Hit,tee,rough,139.0
2026-06-13,N/A - Golf Club Witbos,62,17,2,60 Degree Wedge,60,51.128547499999996,4.842623333333334,51.128340238095234,4.842592142857143,23.15,Hit,rough,green,17.68
2026-06-13,N/A - Golf Club Witbos,62,17,3,Putter,P,51.128340238095234,4.842592142857143,51.12838452048374,4.8425883333333335,4.93,Hit,green,green,5.54
2026-06-13,N/A - Golf Club Witbos,62,17,4,Putter,P,51.12838452048374,4.8425883333333335,51.12839,4.8425883333333335,0.599999964,Hit,green,green,0.599999964
2026-06-07,N/A - Golf Club Witbos,78,1,1,Pitching Wedge,Pw,51.130035,4.8404283333333336,51.131213333333335,4.840874333333334,134.7,Hit,rough,fairway,177.25
2026-06-07,N/A - Golf Club Witbos,78,1,2,60 Degree Wedge,60,51.131213333333335,4.840874333333334,51.13143482638889,4.841317604166667,39.54,Hit,fairway,green,46.0599976
2026-06-07,N/A - Golf Club Witbos,78,1,3,Putter,P,51.13143482638889,4.841317604166667,51.13153333333333,4.841293333333334,11.08,Hit,green,green,11.08
2026-06-07,N/A - Golf Club Witbos,78,2,1,Pitching Wedge,Pw,51.130383227019635,4.8421745002269745,51.13115708333333,4.843505,126.619995,Hit,tee,rough,128.58
2026-06-07,N/A - Golf Club Witbos,78,2,2,60 Degree Wedge,60,51.13115708333333,4.843505,51.13104518518518,4.843696481481481,18.26,Hit,rough,green,14.5499992
2026-06-07,N/A - Golf Club Witbos,78,2,3,Putter,P,51.13104518518518,4.843696481481481,51.13106833333333,4.843658333333334,3.69999981,Hit,green,green,3.69999981
2026-06-07,N/A - Golf Club Witbos,78,3,1,Pitching Wedge,Pw,51.13040101671876,4.845308096694683,51.12985216773762,4.847137928009033,141.56,Hit,tee,green,146.5
2026-06-07,N/A - Golf Club Witbos,78,3,2,Putter,P,51.12985216773762,4.847137928009033,51.129795,4.847171666666666,6.77999973,Hit,green,green,6.77999973
2026-06-07,N/A - Golf Club Witbos,78,4,1,8 Iron,8i,51.12922617216185,4.849477404444049,51.13012166666667,4.848686666666667,113.869995,Hit,tee,rough,368.789978
2026-06-07,N/A - Golf Club Witbos,78,4,2,60 Degree Wedge,60,51.13012166666667,4.848686666666667,51.130518333333335,4.848675833333333,44.12,Hit,rough,fairway,273.06
2026-06-07,N/A - Golf Club Witbos,78,4,3,Sand Wedge,Sw,51.130518333333335,4.848675833333333,51.13085214285714,4.847657142857144,80.21,Hit,fairway,fairway,258.87
2026-06-07,N/A - Golf Club Witbos,78,4,4,8 Iron,8i,51.13085214285714,4.847657142857144,51.13115388888889,4.845326666666666,166.09,Hit,fairway,fairway,182.26
2026-06-07,N/A - Golf Club Witbos,78,4,5,60 Degree Wedge,60,51.13115388888889,4.845326666666666,51.13103227272727,4.845099848484849,20.82,Hit,fairway,green,21.6099987
2026-06-07,N/A - Golf Club Witbos,78,4,6,Putter,P,51.13103227272727,4.845099848484849,51.13105,4.845065,3.12999988,Hit,green,green,3.12999988
2026-06-07,N/A - Golf Club Witbos,78,5,1,9 Iron,9i,51.12976458333333,4.846298333333333,51.128546666666665,4.846277777777778,135.47,Hit,tee,rough,222.31
2026-06-07,N/A - Golf Club Witbos,78,5,2,Sand Wedge,Sw,51.128546666666665,4.846277777777778,51.12779833333334,4.845306666666667,107.34,Hit,rough,fairway,105.18
2026-06-07,N/A - Golf Club Witbos,78,5,3,60 Degree Wedge,60,51.12779833333334,4.845306666666667,51.12787818181817,4.845186666666666,12.2,Hit,fairway,green,12.9
2026-06-07,N/A - Golf Club Witbos,78,5,4,Putter,P,51.12787818181817,4.845186666666666,51.12789,4.8451933333333335,1.39,Hit,green,green,1.39
2026-06-07,N/A - Golf Club Witbos,78,6,1,Driver,D,51.127179104681844,4.844596870243549,51.12812266666667,4.847204666666667,210.12,Hit,tee,rough,369.789978
2026-06-07,N/A - Golf Club Witbos,78,6,2,8 Iron,8i,51.12812266666667,4.847204666666667,51.129122499999994,4.848966666666667,165.81,Hit,rough,green,163.04
2026-06-07,N/A - Golf Club Witbos,78,6,3,Putter,P,51.129122499999994,4.848966666666667,51.129176111111114,4.848793796296297,13.45,Hit,green,green,10.0999994
2026-06-07,N/A - Golf Club Witbos,78,6,4,Putter,P,51.129176111111114,4.848793796296297,51.12916833333333,4.848841666666667,3.44999981,Hit,green,green,3.44999981
2026-06-07,N/A - Golf Club Witbos,78,7,1,Driver,D,51.129550235510024,4.851387217640877,51.128806999999995,4.848639666666666,208.84,Hit,tee,rough,487.009979
2026-06-07,N/A - Golf Club Witbos,78,7,2,7 Wood,7w,51.128806999999995,4.848639666666666,51.127948333333336,4.84668,166.83,Hit,rough,rough,283.44
2026-06-07,N/A - Golf Club Witbos,78,7,3,52 Degree Wedge,52,51.127948333333336,4.84668,51.12716138888888,4.845759999999999,108.56,Hit,rough,rough,118.39
2026-06-07,N/A - Golf Club Witbos,78,7,4,60 Degree Wedge,60,51.12716138888888,4.845759999999999,51.12714666666667,4.84562,9.9,Hit,rough,green,15.12
2026-06-07,N/A - Golf Club Witbos,78,7,5,Putter,P,51.12714666666667,4.84562,51.12715611111111,4.845521666666667,6.94,Hit,green,green,5.5
2026-06-07,N/A - Golf Club Witbos,78,7,6,Putter,P,51.12715611111111,4.845521666666667,51.127158333333334,4.8455433333333335,1.53,Hit,green,green,1.53
2026-06-07,N/A - Golf Club Witbos,78,8,1,Driver,D,51.12682518155536,4.845283515751362,51.12768833333333,4.847848333333333,203.15,Hit,tee,rough,326.94
2026-06-07,N/A - Golf Club Witbos,78,8,2,52 Degree Wedge,52,51.12768833333333,4.847848333333333,51.12827767994204,4.84908152371645,108.189995,Hit,rough,green,124.96
2026-06-07,N/A - Golf Club Witbos,78,8,3,Putter,P,51.12827767994204,4.84908152371645,51.12837068204916,4.849234074354172,14.8399992,Hit,green,green,16.8699989
2026-06-07,N/A - Golf Club Witbos,78,8,4,Putter,P,51.12837068204916,4.849234074354172,51.12838333333333,4.849255,2.02,Hit,green,green,2.02
2026-06-07,N/A - Golf Club Witbos,78,9,1,9 Iron,9i,51.12756271769137,4.848710068783787,51.126375,4.848220925925926,136.44,Hit,tee,fairway,152.849991
2026-06-07,N/A - Golf Club Witbos,78,9,2,60 Degree Wedge,60,51.126375,4.848220925925926,51.126194,4.848170333333333,20.43,Hit,fairway,green,16.41
2026-06-07,N/A - Golf Club Witbos,78,9,3,Putter,P,51.126194,4.848170333333333,51.126226187148376,4.848165,3.59,Hit,green,green,4.2
2026-06-07,N/A - Golf Club Witbos,78,9,4,Putter,P,51.126226187148376,4.848165,51.12623166666667,4.848165,0.599999964,Hit,green,green,0.599999964
2026-06-07,N/A - Golf Club Witbos,78,10,1,Sand Wedge,Sw,51.12629917357896,4.848939701914787,51.12698777777778,4.849956111111111,104.399994,Hit,tee,rough,98.89
2026-06-07,N/A - Golf Club Witbos,78,10,2,60 Degree Wedge,60,51.12698777777778,4.849956111111111,51.12694259511674,4.849888868629932,6.87,Hit,rough,green,5.5
2026-06-07,N/A - Golf Club Witbos,78,10,3,Putter,P,51.12694259511674,4.849888868629932,51.12695164310279,4.849912337958813,1.92,Hit,green,green,1.37
2026-06-07,N/A - Golf Club Witbos,78,10,4,Putter,P,51.12695164310279,4.849912337958813,51.12695080142976,4.849903620779514,0.61,Hit,green,green,0.61
2026-06-07,N/A - Golf Club Witbos,78,11,1,8 Iron,8i,51.12925666666666,4.84948,51.12996666666667,4.849043333333333,84.64,Hit,tee,rough,370.15
2026-06-07,N/A - Golf Club Witbos,78,11,2,Sand Wedge,Sw,51.12996666666667,4.849043333333333,51.13072555555556,4.848443333333333,94.22,Hit,rough,fairway,304.9
2026-06-07,N/A - Golf Club Witbos,78,11,3,8 Iron,8i,51.13072555555556,4.848443333333333,51.131252181690776,4.846125058829784,172.08,Hit,fairway,fairway,239.29
2026-06-07,N/A - Golf Club Witbos,78,11,4,60 Degree Wedge,60,51.131252181690776,4.846125058829784,51.13095138888889,4.844998888888889,85.42,Hit,fairway,rough,75.59
2026-06-07,N/A - Golf Club Witbos,78,11,5,60 Degree Wedge,60,51.13095138888889,4.844998888888889,51.131085681818185,4.845040227272728,15.21,Hit,rough,green,17.58
2026-06-07,N/A - Golf Club Witbos,78,11,6,Putter,P,51.131085681818185,4.845040227272728,51.131103333333336,4.845068333333334,2.77,Hit,green,green,2.77
2026-06-07,N/A - Golf Club Witbos,78,12,1,8 Iron,8i,51.12981166666667,4.846281666666666,51.12838761904762,4.84598619047619,159.72,Hit,tee,fairway,222.81
2026-06-07,N/A - Golf Club Witbos,78,12,2,60 Degree Wedge,60,51.12838761904762,4.84598619047619,51.127925,4.8453244444444445,69.14,Hit,fairway,green,73.54
2026-06-07,N/A - Golf Club Witbos,78,12,3,Putter,P,51.127925,4.8453244444444445,51.127921666666666,4.845253333333334,4.97,Hit,green,green,5.5
2026-06-07,N/A - Golf Club Witbos,78,12,4,Putter,P,51.127921666666666,4.845253333333334,51.127916666666664,4.845246666666666,0.719999969,Hit,green,green,0.719999969
2026-06-07,N/A - Golf Club Witbos,78,13,1,Driver,D,51.1271736338337,4.84457440674305,51.12831944444445,4.846958333333333,209.599991,Hit,tee,fairway,373.4
2026-06-07,N/A - Golf Club Witbos,78,13,2,8 Iron,8i,51.12831944444445,4.846958333333333,51.12908645833333,4.849010416666666,166.72,Hit,fairway,rough,163.89
2026-06-07,N/A - Golf Club Witbos,78,13,3,60 Degree Wedge,60,51.12908645833333,4.849010416666666,51.12918111111111,4.8489827777777785,10.7,Hit,rough,green,12.0999994
2026-06-07,N/A - Golf Club Witbos,78,13,4,Putter,P,51.12918111111111,4.8489827777777785,51.1291723540418,4.8488676362395235,8.09,Hit,green,green,7.14999962
2026-06-07,N/A - Golf Club Witbos,78,13,5,Putter,P,51.1291723540418,4.8488676362395235,51.12916166666667,4.848885,1.68999994,Hit,green,green,1.68999994
2026-06-07,N/A - Golf Club Witbos,78,14,1,Driver,D,51.129617144703545,4.851485788822174,51.12906027777777,4.8490433333333325,181.39,Hit,tee,rough,494.75
2026-06-07,N/A - Golf Club Witbos,78,14,2,Pitching Wedge,Pw,51.12906027777777,4.8490433333333325,51.12848416666667,4.8474275,129.72,Hit,rough,rough,321.91
2026-06-07,N/A - Golf Club Witbos,78,14,3,8 Iron,8i,51.12848416666667,4.8474275,51.128107876969224,4.846952185034752,53.3999977,Hit,rough,rough,197.19
2026-06-07,N/A - Golf Club Witbos,78,14,4,Putter,P,51.128107876969224,4.846952185034752,51.127135476190475,4.845681666666667,139.86,Hit,rough,green,143.81
2026-06-07,N/A - Golf Club Witbos,78,14,5,Putter,P,51.127135476190475,4.845681666666667,51.127117853815875,4.8456166666666665,4.94,Hit,green,green,4.73
2026-06-07,N/A - Golf Club Witbos,78,14,6,Putter,P,51.127117853815875,4.8456166666666665,51.12712333333333,4.8456166666666665,0.599999964,Hit,green,green,0.599999964
2026-06-07,N/A - Golf Club Witbos,78,15,1,Driver,D,51.12683107328241,4.845238588750362,51.12739717948717,4.84766076923077,180.42,Hit,tee,rough,326.18
2026-06-07,N/A - Golf Club Witbos,78,15,2,9 Iron,9i,51.12739717948717,4.84766076923077,51.12830430555555,4.849224999999999,148.66,Hit,rough,green,152.14
2026-06-07,N/A - Golf Club Witbos,78,15,3,Putter,P,51.12830430555555,4.849224999999999,51.12831528409091,4.849237818181818,1.51,Hit,green,green,3.54
2026-06-07,N/A - Golf Club Witbos,78,15,4,Putter,P,51.12831528409091,4.849237818181818,51.12832452048368,4.849255,1.56999993,Hit,green,green,2.02
2026-06-07,N/A - Golf Club Witbos,78,15,5,Putter,P,51.12832452048368,4.849255,51.12833,4.849255,0.599999964,Hit,green,green,0.599999964
2026-06-07,N/A - Golf Club Witbos,78,16,1,Driver,D,51.12809249916165,4.849934334520185,51.127812083333325,4.847713333333334,158.14,Hit,tee,rough,289.889984
2026-06-07,N/A - Golf Club Witbos,78,16,2,Pitching Wedge,Pw,51.127812083333325,4.847713333333334,51.12696666666667,4.846294166666667,136.58,Hit,rough,fairway,143.7
2026-06-07,N/A - Golf Club Witbos,78,16,3,60 Degree Wedge,60,51.12696666666667,4.846294166666667,51.12691166666667,4.846220555555555,7.98,Hit,fairway,green,7.14
2026-06-07,N/A - Golf Club Witbos,78,16,4,Putter,P,51.12691166666667,4.846220555555555,51.12691285381569,4.8462266666666665,0.44,Hit,green,green,0.849999964
2026-06-07,N/A - Golf Club Witbos,78,16,5,Putter,P,51.12691285381569,4.8462266666666665,51.126918333333336,4.8462266666666665,0.599999964,Hit,green,green,0.599999964
2026-06-07,N/A - Golf Club Witbos,78,17,1,Pitching Wedge,Pw,51.12734595256996,4.843682976252186,51.128361250000005,4.84230375,148.39,Hit,tee,rough,141.42
2026-06-07,N/A - Golf Club Witbos,78,17,2,60 Degree Wedge,60,51.128361250000005,4.84230375,51.128395104166664,4.842465034722222,11.87,Hit,rough,green,18.64
2026-06-07,N/A - Golf Club Witbos,78,17,3,Putter,P,51.128395104166664,4.842465034722222,51.128405,4.842561666666667,6.83,Hit,green,green,6.83
2026-06-07,N/A - Golf Club Witbos,78,18,1,Sand Wedge,Sw,51.128683333333335,4.84103,51.12947066666667,4.8401130000000006,108.47,Hit,rough,fairway,102.93
2026-06-07,N/A - Golf Club Witbos,78,18,2,60 Degree Wedge,60,51.12947066666667,4.8401130000000006,51.1293370933134,4.839989505708218,17.17,Hit,fairway,green,15.0599995
2026-06-07,N/A - Golf Club Witbos,78,18,3,Putter,P,51.1293370933134,4.839989505708218,51.12935855486245,4.840012304484844,2.86,Hit,green,green,2.15999985
2026-06-07,N/A - Golf Club Witbos,78,18,4,Putter,P,51.12935855486245,4.840012304484844,51.129351666666665,4.84001,0.78,Hit,green,green,0.78
2026-05-31,N/A - Golf Club Witbos,92,1,1,9 Iron,9i,51.13002083333333,4.840450000000001,51.130935,4.841208333333333,114.63,Hit,rough,rough,178.599991
2026-05-31,N/A - Golf Club Witbos,92,1,2,60 Degree Wedge,60,51.130935,4.841208333333333,51.131115,4.840831666666666,33.04,Hit,rough,fairway,66.9399948
2026-05-31,N/A - Golf Club Witbos,92,1,3,60 Degree Wedge,60,51.131115,4.840831666666666,51.13161,4.841381666666667,67.11,Hit,fairway,green,57.2199974
2026-05-31,N/A - Golf Club Witbos,92,1,4,60 Degree Wedge,60,51.13161,4.841381666666667,51.1315923611111,4.841293472222222,6.46,Hit,green,green,9.91
2026-05-31,N/A - Golf Club Witbos,92,1,5,Putter,P,51.1315923611111,4.841293472222222,51.1315335967033,4.8413083750168955,6.60999966,Hit,green,green,6.60999966
2026-05-31,N/A - Golf Club Witbos,92,2,1,Pitching Wedge,Pw,51.130458201467505,4.842359682895934,51.13105291666667,4.843715416666667,115.45,Hit,tee,rough,112.88
2026-05-31,N/A - Golf Club Witbos,92,2,2,60 Degree Wedge,60,51.13105291666667,4.843715416666667,51.13102789616682,4.843638651072979,6.02999973,Hit,rough,green,3.87
2026-05-31,N/A - Golf Club Witbos,92,2,3,Putter,P,51.13102789616682,4.843638651072979,51.13101285381955,4.843708333333334,5.14,Hit,green,green,4.97
2026-05-31,N/A - Golf Club Witbos,92,2,4,Putter,P,51.13101285381955,4.843708333333334,51.13101833333333,4.843708333333334,0.599999964,Hit,green,green,0.599999964
2026-05-31,N/A - Golf Club Witbos,92,3,1,Pitching Wedge,Pw,51.13040101671876,4.845308096694683,51.12988277777779,4.847271666666667,148.68,Hit,tee,rough,144.9
2026-05-31,N/A - Golf Club Witbos,92,3,2,60 Degree Wedge,60,51.12988277777779,4.847271666666667,51.12975866666666,4.847146333333333,16.34,Hit,rough,green,13.74
2026-05-31,N/A - Golf Club Witbos,92,3,3,Putter,P,51.12975866666666,4.847146333333333,51.12978452048506,4.8471416666666665,2.88999987,Hit,green,green,3.5
2026-05-31,N/A - Golf Club Witbos,92,3,4,Putter,P,51.12978452048506,4.8471416666666665,51.12979,4.8471416666666665,0.599999964,Hit,green,green,0.599999964
2026-05-31,N/A - Golf Club Witbos,92,4,1,7 Iron,7i,51.129278888888884,4.849461111111111,51.130195,4.848578333333333,119.07,Hit,tee,rough,370.139984
2026-05-31,N/A - Golf Club Witbos,92,4,2,60 Degree Wedge,60,51.130195,4.848578333333333,51.13068,4.848442083333333,54.77,Hit,rough,fairway,269.41
2026-05-31,N/A - Golf Club Witbos,92,4,3,7 Wood,7w,51.13068,4.848442083333333,51.13114,4.846696666666666,0.0,Hit,fairway,unknown,246.29
2026-05-31,N/A - Golf Club Witbos,92,4,0,Unknown,,,,,,0.0,Penalty,,,0.0
2026-05-31,N/A - Golf Club Witbos,92,4,5,7 Wood,7w,51.1306875,4.848428333333334,51.13090666666666,4.846171666666667,159.37999,Hit,fairway,rough,245.209991
2026-05-31,N/A - Golf Club Witbos,92,4,6,60 Degree Wedge,60,51.13090666666666,4.846171666666667,51.131055,4.84586,27.3,Hit,rough,rough,85.83
2026-05-31,N/A - Golf Club Witbos,92,4,7,60 Degree Wedge,60,51.131055,4.84586,51.13105356492174,4.845023676753044,58.37,Hit,rough,green,62.84
2026-05-31,N/A - Golf Club Witbos,92,4,8,Putter,P,51.13105356492174,4.845023676753044,51.13103904734898,4.84495360404253,5.15,Hit,green,green,4.75
2026-05-31,N/A - Golf Club Witbos,92,4,9,Putter,P,51.13103904734898,4.84495360404253,51.131038333333336,4.84496,0.45,Hit,green,green,0.45
2026-05-31,N/A - Golf Club Witbos,92,5,1,8 Iron,8i,51.12973916666667,4.846273333333333,51.12830833333334,4.846290833333333,159.15,Hit,tee,rough,210.17
2026-05-31,N/A - Golf Club Witbos,92,5,2,60 Degree Wedge,60,51.12830833333334,4.846290833333333,51.12823083333333,4.846002222222222,21.91,Hit,rough,fairway,78.0
2026-05-31,N/A - Golf Club Witbos,92,5,0,Unknown,,,,,,0.0,Penalty,,,0.0
2026-05-31,N/A - Golf Club Witbos,92,5,4,60 Degree Wedge,60,51.12823083333333,4.846002222222222,51.12788666666667,4.845197499999999,67.97,Hit,fairway,green,56.39
2026-05-31,N/A - Golf Club Witbos,92,5,5,Putter,P,51.12788666666667,4.845197499999999,51.127936153846136,4.845346666666667,11.7699995,Hit,green,green,11.57
2026-05-31,N/A - Golf Club Witbos,92,5,6,Putter,P,51.127936153846136,4.845346666666667,51.127943333333334,4.845336666666666,1.06,Hit,green,green,1.06
2026-05-31,N/A - Golf Club Witbos,92,6,1,Driver,D,51.12718352344333,4.844563342630863,51.12805041666667,4.8471641666666665,205.56,Hit,tee,rough,381.63
2026-05-31,N/A - Golf Club Witbos,92,6,2,8 Iron,8i,51.12805041666667,4.8471641666666665,51.129108333333335,4.848889166666666,168.349991,Hit,rough,fairway,181.19
2026-05-31,N/A - Golf Club Witbos,92,6,3,60 Degree Wedge,60,51.129108333333335,4.848889166666666,51.129135,4.8488983333333335,3.03,Hit,fairway,green,14.69
2026-05-31,N/A - Golf Club Witbos,92,6,4,Putter,P,51.129135,4.8488983333333335,51.12923571428571,4.8489450000000005,11.66,Hit,green,green,11.66
2026-05-31,N/A - Golf Club Witbos,92,7,1,Driver,D,51.12953887356187,4.851275235414505,51.12882583333334,4.848686666666667,197.319992,Hit,tee,rough,484.97
2026-05-31,N/A - Golf Club Witbos,92,7,2,7 Iron,7i,51.12882583333334,4.848686666666667,51.128415555555556,4.848067777777778,62.829998,Hit,rough,fairway,292.759979
2026-05-31,N/A - Golf Club Witbos,92,7,3,8 Iron,8i,51.128415555555556,4.848067777777778,51.127433888888895,4.846651111111111,147.31,Hit,fairway,rough,230.349991
2026-05-31,N/A - Golf Club Witbos,92,7,4,60 Degree Wedge,60,51.127433888888895,4.846651111111111,51.12725916666666,4.845857916666667,58.68,Hit,rough,rough,87.7999954
2026-05-31,N/A - Golf Club Witbos,92,7,5,60 Degree Wedge,60,51.12725916666666,4.845857916666667,51.12715806295466,4.845544695854187,24.58,Hit,rough,green,29.6899986
2026-05-31,N/A - Golf Club Witbos,92,7,6,Putter,P,51.12715806295466,4.845544695854187,51.127116821141584,4.845498092472553,5.62,Hit,green,green,5.81
2026-05-31,N/A - Golf Club Witbos,92,7,7,Putter,P,51.127116821141584,4.845498092472553,51.127113333333334,4.845501666666666,0.459999979,Hit,green,green,0.459999979
2026-05-31,N/A - Golf Club Witbos,92,8,1,Driver,D,51.126899038507815,4.845453165471554,51.12772913202979,4.8481155931949615,207.519989,Hit,tee,rough,301.77
2026-05-31,N/A - Golf Club Witbos,92,8,2,60 Degree Wedge,60,51.12772913202979,4.8481155931949615,51.128271916666684,4.849157749999999,94.53,Hit,rough,green,96.71
2026-05-31,N/A - Golf Club Witbos,92,8,3,Putter,P,51.128271916666684,4.849157749999999,51.12829662307342,4.849149162754736,2.81,Hit,green,green,4.54999971
2026-05-31,N/A - Golf Club Witbos,92,8,4,Putter,P,51.12829662307342,4.849149162754736,51.128303636445885,4.849146725105661,0.789999962,Hit,green,green,1.74
2026-05-31,N/A - Golf Club Witbos,92,8,5,Putter,P,51.128303636445885,4.849146725105661,51.12831191031999,4.84914384934202,0.94,Hit,green,green,0.94
2026-05-31,N/A - Golf Club Witbos,92,9,1,9 Iron,9i,51.12756185202605,4.848703667521477,51.12624400107333,4.848222881555557,150.37,Hit,tee,green,155.51
2026-05-31,N/A - Golf Club Witbos,92,9,2,Putter,P,51.12624400107333,4.848222881555557,51.12619810005909,4.848212127982588,5.16,Hit,green,green,5.16
2026-05-31,N/A - Golf Club Witbos,92,10,1,60 Degree Wedge,60,51.12626883080177,4.8486654460430145,51.12679614374685,4.849659539759159,90.85,Hit,tee,bunker,105.659996
2026-05-31,N/A - Golf Club Witbos,92,10,2,60 Degree Wedge,60,51.12679614374685,4.849659539759159,51.126892152521954,4.849821602630463,15.5499992,Hit,bunker,green,14.8399992
2026-05-31,N/A - Golf Club Witbos,92,10,3,Putter,P,51.126892152521954,4.849821602630463,51.126873998699566,4.849832206964493,2.14999986,Hit,green,green,2.14999986
2026-05-31,N/A - Golf Club Witbos,92,10,4,Putter,P,51.126873998699566,4.849832206964493,51.126873998699566,4.849832206964493,0.0,Hit,green,green,0.0
2026-05-31,N/A - Golf Club Witbos,92,11,1,8 Iron,8i,51.12927018371417,4.849473126232624,51.130488217810814,4.848704673349857,145.7,Hit,tee,fairway,374.77
2026-05-31,N/A - Golf Club Witbos,92,11,2,Pitching Wedge,Pw,51.130488217810814,4.848704673349857,51.13085452649754,4.847838319838047,72.909996,Hit,fairway,fairway,270.8
2026-05-31,N/A - Golf Club Witbos,92,11,3,8 Iron,8i,51.13085452649754,4.847838319838047,51.130776467853856,4.846238046884537,112.03,Hit,fairway,rough,203.819992
2026-05-31,N/A - Golf Club Witbos,92,11,4,Sand Wedge,Sw,51.130776467853856,4.846238046884537,51.13119958199401,4.846053309738636,48.7899971,Hit,rough,fairway,96.54
2026-05-31,N/A - Golf Club Witbos,92,11,5,60 Degree Wedge,60,51.13119958199401,4.846053309738636,51.13103462895636,4.845004230737686,75.4799957,Hit,fairway,green,78.95
2026-05-31,N/A - Golf Club Witbos,92,11,6,Putter,P,51.13103462895636,4.845004230737686,51.13107544647207,4.844939522445202,6.39999962,Hit,green,fairway,6.39999962
2026-05-31,N/A - Golf Club Witbos,92,11,7,Putter,P,51.13107544647207,4.844939522445202,51.13107544647207,4.844939522445202,0.0,Hit,green,fairway,0.0
2026-05-31,N/A - Golf Club Witbos,92,12,1,8 Iron,8i,51.12969268043759,4.846262186765671,51.12832312895896,4.846315160393715,152.37,Hit,tee,rough,210.54
2026-05-31,N/A - Golf Club Witbos,92,12,2,60 Degree Wedge,60,51.12832312895896,4.846315160393715,51.12793807337213,4.845331124961376,80.9399948,Hit,rough,green,84.93
2026-05-31,N/A - Golf Club Witbos,92,12,3,Putter,P,51.12793807337213,4.845331124961376,51.127897627114066,4.845304861664772,4.85,Hit,green,green,4.85
2026-05-31,N/A - Golf Club Witbos,92,12,4,Putter,P,51.127897627114066,4.845304861664772,51.127897627114066,4.845304861664772,0.0,Hit,green,green,0.0
2026-05-31,N/A - Golf Club Witbos,92,13,1,Driver,D,51.12715995671051,4.844580441713333,51.12832838925896,4.847070202231407,217.01,Hit,tee,fairway,378.22998
2026-05-31,N/A - Golf Club Witbos,92,13,2,8 Iron,8i,51.12832838925896,4.847070202231407,51.1291483574968,4.849014468491077,163.51,Hit,fairway,fairway,161.23
2026-05-31,N/A - Golf Club Witbos,92,13,3,60 Degree Wedge,60,51.1291483574968,4.849014468491077,51.12918181239679,4.848947413265705,5.97,Hit,fairway,green,11.07
2026-05-31,N/A - Golf Club Witbos,92,13,4,Putter,P,51.12918181239679,4.848947413265705,51.129215365984365,4.848897173315562,5.12,Hit,green,green,5.12
2026-05-31,N/A - Golf Club Witbos,92,14,1,Driver,D,51.12953171974123,4.851256795227528,51.12864358534127,4.8486121371388435,209.37,Hit,tee,fairway,480.58
2026-05-31,N/A - Golf Club Witbos,92,14,2,7 Wood,7w,51.12864358534127,4.8486121371388435,51.12768473450293,4.846594110131264,176.68,Hit,fairway,rough,272.74
2026-05-31,N/A - Golf Club Witbos,92,14,3,60 Degree Wedge,60,51.12768473450293,4.846594110131264,51.127263481911505,4.8457347974181175,76.11,Hit,rough,fairway,96.06
2026-05-31,N/A - Golf Club Witbos,92,14,4,52 Degree Wedge,52,51.127263481911505,4.8457347974181175,51.12718457552932,4.845520555973053,17.34,Hit,fairway,green,19.9499989
2026-05-31,N/A - Golf Club Witbos,92,14,5,Putter,P,51.12718457552932,4.845520555973053,51.12715539858583,4.845506629043949,3.37999988,Hit,green,green,3.37999988
2026-05-31,N/A - Golf Club Witbos,92,14,6,Putter,P,51.12715539858583,4.845506629043949,51.12715539858583,4.845506629043949,0.0,Hit,green,green,0.0
2026-05-31,N/A - Golf Club Witbos,92,15,1,Driver,D,51.12685674437003,4.845448136329651,51.12734344024126,4.846081472933292,0.0,Hit,rough,0,304.25
2026-05-31,N/A - Golf Club Witbos,92,15,0,Unknown,,,,,,0.0,Penalty,,,0.0
2026-05-31,N/A - Golf Club Witbos,92,15,3,Driver,D,51.12685674437003,4.845448136329651,51.12796605839455,4.848094135522842,222.12,Hit,rough,fairway,304.25
2026-05-31,N/A - Golf Club Witbos,92,15,4,60 Degree Wedge,60,51.12796605839455,4.848094135522842,51.12816574050592,4.849085882306099,72.7,Hit,fairway,rough,82.4799957
2026-05-31,N/A - Golf Club Witbos,92,15,5,60 Degree Wedge,60,51.12816574050592,4.849085882306099,51.128274734170866,4.849119745194912,12.3499994,Hit,rough,green,16.35
2026-05-31,N/A - Golf Club Witbos,92,15,6,Putter,P,51.128274734170866,4.849119745194912,51.1283083963728,4.849142418496421,4.06,Hit,green,green,4.06
2026-05-31,N/A - Golf Club Witbos,92,15,7,Putter,P,51.1283083963728,4.849142418496421,51.1283083963728,4.849142418496421,0.0,Hit,green,green,0.0
2026-05-31,N/A - Golf Club Witbos,92,15,8,Putter,P,51.1283083963728,4.849142418496421,51.1283083963728,4.849142418496421,0.0,Hit,green,green,0.0
2026-05-31,N/A - Golf Club Witbos,92,16,1,Driver,D,51.12820151065598,4.850106127560139,51.127662430516004,4.8478782176971436,166.67,Hit,tee,fairway,311.02
2026-05-31,N/A - Golf Club Witbos,92,16,2,9 Iron,9i,51.127662430516004,4.8478782176971436,51.126743749393995,4.8464978858828545,140.44,Hit,fairway,rough,146.36
2026-05-31,N/A - Golf Club Witbos,92,16,3,60 Degree Wedge,60,51.126743749393995,4.8464978858828545,51.12680834804543,4.846060015261173,31.39,Hit,rough,rough,31.9399986
2026-05-31,N/A - Golf Club Witbos,92,16,4,60 Degree Wedge,60,51.12680834804543,4.846060015261173,51.126859058975576,4.846097566187382,6.21,Hit,rough,fairway,14.12
2026-05-31,N/A - Golf Club Witbos,92,16,5,Putter,P,51.126859058975576,4.846097566187382,51.12692443400056,4.846142193093768,7.91,Hit,fairway,green,7.91
2026-05-31,N/A - Golf Club Witbos,92,16,6,Putter,P,51.12692443400056,4.846142193093768,51.12692443400056,4.846142193093768,0.0,Hit,green,green,0.0
2026-05-31,N/A - Golf Club Witbos,92,17,1,9 Iron,9i,51.12739583391386,4.843780472874641,51.128423705791114,4.842744134366512,135.29,Hit,tee,rough,141.02
2026-05-31,N/A - Golf Club Witbos,92,17,2,52 Degree Wedge,52,51.128423705791114,4.842744134366512,51.12841991838298,4.842515140771866,15.99,Hit,rough,green,14.1799994
2026-05-31,N/A - Golf Club Witbos,92,17,3,Putter,P,51.12841991838298,4.842515140771866,51.12839088157708,4.84255738556385,4.37,Hit,green,green,3.11
2026-05-31,N/A - Golf Club Witbos,92,17,4,Putter,P,51.12839088157708,4.84255738556385,51.12839898642015,4.842544832403018,1.25,Hit,green,green,1.25
2026-05-31,N/A - Golf Club Witbos,92,18,1,Sand Wedge,Sw,51.12873658671157,4.8408907279372215,51.12936655033894,4.839973412454128,94.909996,Hit,tee,green,98.54
2026-05-31,N/A - Golf Club Witbos,92,18,2,Putter,P,51.12936655033894,4.839973412454128,51.12939011594583,4.839937537908554,3.62,Hit,green,green,3.62
2026-05-31,N/A - Golf Club Witbos,92,18,3,Putter,P,51.12939011594583,4.839937537908554,51.12939011594583,4.839937537908554,0.0,Hit,green,green,0.0
2026-05-24,N/A - Golf Club Witbos,90,1,1,9 Iron,9i,51.130030801275964,4.84039518982172,51.13127742952395,4.840890057384968,142.89,Hit,tee,fairway,170.97
2026-05-24,N/A - Golf Club Witbos,90,1,2,60 Degree Wedge,60,51.13127742952395,4.840890057384968,51.13149035236797,4.841271266341209,35.62,Hit,fairway,green,32.21
2026-05-24,N/A - Golf Club Witbos,90,1,3,Putter,P,51.13149035236797,4.841271266341209,51.13147730771603,4.841223992407322,3.6,Hit,green,green,3.6
2026-05-24,N/A - Golf Club Witbos,90,1,4,Putter,P,51.13147730771603,4.841223992407322,51.13147730771603,4.841223992407322,0.0,Hit,green,green,0.0
2026-05-24,N/A - Golf Club Witbos,90,2,1,52 Degree Wedge,52,51.1303737589005,4.841990098357201,51.130980977012285,4.843275547027588,112.299995,Hit,tee,fairway,132.58
2026-05-24,N/A - Golf Club Witbos,90,2,2,60 Degree Wedge,60,51.130980977012285,4.843275547027588,51.13101211618743,4.843506217002869,16.46,Hit,fairway,green,21.34
2026-05-24,N/A - Golf Club Witbos,90,2,3,Putter,P,51.13101211618743,4.843506217002869,51.131037784951154,4.843567572534084,5.14,Hit,green,green,5.14
2026-05-24,N/A - Golf Club Witbos,90,2,4,Putter,P,51.131037784951154,4.843567572534084,51.131037784951154,4.843567572534084,0.0,Hit,green,green,0.0
2026-05-24,N/A - Golf Club Witbos,90,2,0,Unknown,,,,,,0.0,Penalty,,,0.0
2026-05-24,N/A - Golf Club Witbos,90,3,1,Pitching Wedge,Pw,51.13041352498788,4.845344200730324,51.129832179253945,4.84675470739603,117.78,Hit,tee,fairway,150.48999
2026-05-24,N/A - Golf Club Witbos,90,3,2,60 Degree Wedge,60,51.129832179253945,4.84675470739603,51.129754750098726,4.8470463976264,22.1,Hit,fairway,green,33.09
2026-05-24,N/A - Golf Club Witbos,90,3,3,Putter,P,51.129754750098726,4.8470463976264,51.12971961236859,4.847171455621719,9.559999,Hit,green,green,10.98
2026-05-24,N/A - Golf Club Witbos,90,3,4,Putter,P,51.12971961236859,4.847171455621719,51.12971414182138,4.847189895808697,1.42,Hit,green,green,1.42
2026-05-24,N/A - Golf Club Witbos,90,4,1,7 Wood,7w,51.129205167689975,4.849474802613258,51.13019281225036,4.848582968115807,126.259995,Hit,tee,rough,371.37
2026-05-24,N/A - Golf Club Witbos,90,4,2,60 Degree Wedge,60,51.13019281225036,4.848582968115807,51.130834959248844,4.848179966211319,76.7599945,Hit,rough,fairway,264.07
2026-05-24,N/A - Golf Club Witbos,90,4,3,7 Iron,7i,51.130834959248844,4.848179966211319,51.130943736214455,4.845618456602097,179.2,Hit,fairway,rough,218.409988
2026-05-24,N/A - Golf Club Witbos,90,4,4,Putter,P,51.130943736214455,4.845618456602097,51.13103820575042,4.845237582921982,28.58,Hit,rough,fairway,40.92
2026-05-24,N/A - Golf Club Witbos,90,4,5,60 Degree Wedge,60,51.13103820575042,4.845237582921982,51.131042834542306,4.8449841141700745,17.69,Hit,fairway,green,12.3499994
2026-05-24,N/A - Golf Club Witbos,90,4,6,Putter,P,51.131042834542306,4.8449841141700745,51.131067682420046,4.845033558559336,4.42,Hit,green,green,7.83999968
2026-05-24,N/A - Golf Club Witbos,90,4,7,Putter,P,51.131067682420046,4.845033558559336,51.13108344165132,4.8450759798288345,3.43999982,Hit,green,green,3.43999982
2026-05-24,N/A - Golf Club Witbos,90,5,1,7 Iron,7i,51.12974717550048,4.846277944743633,51.1284744149477,4.846300408244133,141.569992,Hit,tee,rough,216.69
2026-05-24,N/A - Golf Club Witbos,90,5,2,Sand Wedge,Sw,51.1284744149477,4.846300408244133,51.12787032008975,4.845156781375408,104.34,Hit,rough,green,94.7
2026-05-24,N/A - Golf Club Witbos,90,5,3,Putter,P,51.12787032008975,4.845156781375408,51.12788946776659,4.845264405012131,7.79999971,Hit,green,green,10.59
2026-05-24,N/A - Golf Club Witbos,90,5,4,Putter,P,51.12788946776659,4.845264405012131,51.12789767862894,4.845302226818315,2.79,Hit,green,green,2.79
2026-05-24,N/A - Golf Club Witbos,90,6,1,Driver,D,51.12715995671051,4.844555966556072,51.127899988464755,4.84689686447382,182.959991,Hit,tee,rough,391.81
2026-05-24,N/A - Golf Club Witbos,90,6,2,6 Iron,6i,51.127899988464755,4.84689686447382,51.12906440452787,4.848258756101131,160.65,Hit,rough,fairway,214.76
2026-05-24,N/A - Golf Club Witbos,90,6,3,60 Degree Wedge,60,51.12906440452787,4.848258756101131,51.1292363080625,4.848837777972221,44.71,Hit,fairway,green,58.829998
2026-05-24,N/A - Golf Club Witbos,90,6,4,Putter,P,51.1292363080625,4.848837777972221,51.12928407062009,4.848955795168877,9.8,Hit,green,green,14.1799994
2026-05-24,N/A - Golf Club Witbos,90,6,5,Putter,P,51.12928407062009,4.848955795168877,51.12930279689572,4.849011115729809,4.38,Hit,green,green,4.38
2026-05-24,N/A - Golf Club Witbos,90,6,6,Putter,P,51.12930279689572,4.849011115729809,51.12930279689572,4.849011115729809,0.0,Hit,green,green,0.0
2026-05-24,N/A - Golf Club Witbos,90,7,1,Driver,D,51.12934125506165,4.850869505529792,51.12876166666667,4.848812333333333,157.4,Hit,tee,fairway,443.97
2026-05-24,N/A - Golf Club Witbos,90,7,2,6 Iron,6i,51.12876166666667,4.848812333333333,51.127723333333336,4.846701111111112,187.23,Hit,fairway,rough,289.669983
2026-05-24,N/A - Golf Club Witbos,90,7,3,Sand Wedge,Sw,51.127723333333336,4.846701111111112,51.12714729166667,4.845584791666667,100.88,Hit,rough,green,102.45
2026-05-24,N/A - Golf Club Witbos,90,7,4,Putter,P,51.12714729166667,4.845584791666667,51.127141187149235,4.845556666666667,2.07,Hit,green,green,1.95999992
2026-05-24,N/A - Golf Club Witbos,90,7,5,Putter,P,51.127141187149235,4.845556666666667,51.12714666666667,4.845556666666667,0.599999964,Hit,green,green,0.599999964
2026-05-24,N/A - Golf Club Witbos,90,8,1,Driver,D,51.126855238095246,4.845404047619048,51.12800433333334,4.847424333333334,190.319992,Hit,tee,rough,312.8
2026-05-24,N/A - Golf Club Witbos,90,8,2,Pitching Wedge,Pw,51.12800433333334,4.847424333333334,51.12845729166666,4.8493852083333335,145.849991,Hit,rough,rough,132.15
2026-05-24,N/A - Golf Club Witbos,90,8,3,60 Degree Wedge,60,51.12845729166666,4.8493852083333335,51.128299059592365,4.849260511835064,19.63,Hit,rough,green,21.1099987
2026-05-24,N/A - Golf Club Witbos,90,8,4,Putter,P,51.128299059592365,4.849260511835064,51.1282732086445,4.8492580883059375,2.87999988,Hit,green,fairway,1.78
2026-05-24,N/A - Golf Club Witbos,90,8,5,Putter,P,51.1282732086445,4.8492580883059375,51.12828324208637,4.849264607487343,1.19999993,Hit,green,fairway,1.19999993
2026-05-24,N/A - Golf Club Witbos,90,9,1,8 Iron,8i,51.12756271769137,4.848710068783787,51.12641633333334,4.848402,129.3,Hit,tee,fairway,157.81
2026-05-24,N/A - Golf Club Witbos,90,9,2,60 Degree Wedge,60,51.12641633333334,4.848402,51.126335,4.848466666666667,10.11,Hit,fairway,fairway,28.99
2026-05-24,N/A - Golf Club Witbos,90,9,3,Putter,P,51.126335,4.848466666666667,51.126181875,4.8482804166666655,21.42,Hit,fairway,green,23.42
2026-05-24,N/A - Golf Club Witbos,90,9,4,Putter,P,51.126181875,4.8482804166666655,51.126173333333334,4.848251666666667,2.22,Hit,green,green,2.22
2026-05-24,N/A - Golf Club Witbos,90,10,1,Sand Wedge,Sw,51.12629917357896,4.848939701914787,51.12684928571428,4.84985238095238,88.33,Hit,tee,green,95.52
2026-05-24,N/A - Golf Club Witbos,90,10,2,60 Degree Wedge,60,51.12684928571428,4.84985238095238,51.126918333333336,4.8498175,8.05,Hit,green,green,9.719999
2026-05-24,N/A - Golf Club Witbos,90,10,3,Putter,P,51.126918333333336,4.8498175,51.12692570763141,4.849856666666667,2.85,Hit,green,green,3.40999985
2026-05-24,N/A - Golf Club Witbos,90,10,4,Putter,P,51.12692570763141,4.849856666666667,51.126936666666666,4.849856666666667,1.20999992,Hit,green,green,1.20999992
2026-05-24,N/A - Golf Club Witbos,90,11,1,7 Iron,7i,51.12929833333333,4.84947,51.13075711097301,4.848415665328503,178.159988,Hit,tee,fairway,368.539978
2026-05-24,N/A - Golf Club Witbos,90,11,2,8 Iron,8i,51.13075711097301,4.848415665328503,51.13109666666667,4.846332222222222,150.23999,Hit,fairway,fairway,239.659988
2026-05-24,N/A - Golf Club Witbos,90,11,3,60 Degree Wedge,60,51.13109666666667,4.846332222222222,51.131032222222224,4.844844444444444,104.09,Hit,fairway,fairway,91.4799957
2026-05-24,N/A - Golf Club Witbos,90,11,4,60 Degree Wedge,60,51.131032222222224,4.844844444444444,51.13108,4.8450033333333336,12.29,Hit,fairway,green,13.61
2026-05-24,N/A - Golf Club Witbos,90,11,5,Putter,P,51.13108,4.8450033333333336,51.13107785381961,4.845021666666667,1.3,Hit,green,green,1.32999992
2026-05-24,N/A - Golf Club Witbos,90,11,6,Putter,P,51.13107785381961,4.845021666666667,51.131083333333336,4.845021666666667,0.599999964,Hit,green,green,0.599999964
2026-05-24,N/A - Golf Club Witbos,90,12,1,8 Iron,8i,51.1298,4.846241666666667,51.12828,4.845916666666667,170.569992,Hit,tee,fairway,218.15
2026-05-24,N/A - Golf Club Witbos,90,12,2,60 Degree Wedge,60,51.12828,4.845916666666667,51.12828,4.84588,2.55,Hit,fairway,unknown,59.96
2026-05-24,N/A - Golf Club Witbos,90,12,0,Unknown,,,,,,0.0,Penalty,,,0.0
2026-05-24,N/A - Golf Club Witbos,90,12,4,60 Degree Wedge,60,51.1282475,4.845881666666667,51.12802791666667,4.845424166666667,40.2,Hit,fairway,rough,55.8
2026-05-24,N/A - Golf Club Witbos,90,12,5,60 Degree Wedge,60,51.12802791666667,4.845424166666667,51.12793277777777,4.845262222222222,15.48,Hit,rough,green,15.5999994
2026-05-24,N/A - Golf Club Witbos,90,12,6,Putter,P,51.12793277777777,4.845262222222222,51.12794,4.84525,1.17,Hit,green,green,1.17
2026-05-24,N/A - Golf Club Witbos,90,13,1,Driver,D,51.127341471407355,4.844956587142457,51.12822083333333,4.846851666666667,164.51,Hit,tee,fairway,353.449982
2026-05-24,N/A - Golf Club Witbos,90,13,2,6 Iron,6i,51.12822083333333,4.846851666666667,51.12912566666667,4.848817666666667,170.18,Hit,fairway,fairway,188.98
2026-05-24,N/A - Golf Club Witbos,90,13,3,60 Degree Wedge,60,51.12912566666667,4.848817666666667,51.129229666666674,4.848946333333333,14.6399994,Hit,fairway,green,19.91
2026-05-24,N/A - Golf Club Witbos,90,13,4,Putter,P,51.129229666666674,4.848946333333333,51.12926404096915,4.848975,4.31,Hit,green,green,5.42
2026-05-24,N/A - Golf Club Witbos,90,13,5,Putter,P,51.12926404096915,4.848975,51.12926952048458,4.848975,0.599999964,Hit,green,green,1.20999992
2026-05-24,N/A - Golf Club Witbos,90,13,6,Putter,P,51.12926952048458,4.848975,51.129275,4.848975,0.599999964,Hit,green,green,0.599999964
2026-05-24,N/A - Golf Club Witbos,90,14,1,Driver,D,51.12953366666666,4.851206666666667,51.12873833333333,4.848655,198.86,Hit,tee,fairway,476.25
2026-05-24,N/A - Golf Club Witbos,90,14,2,6 Iron,6i,51.12873833333333,4.848655,51.12782875,4.8471166666666665,147.53,Hit,fairway,rough,280.12
2026-05-24,N/A - Golf Club Witbos,90,14,3,Pitching Wedge,Pw,51.12782875,4.8471166666666665,51.127428333333334,4.845954444444445,92.54,Hit,rough,fairway,133.51
2026-05-24,N/A - Golf Club Witbos,90,14,4,60 Degree Wedge,60,51.127428333333334,4.845954444444445,51.127135,4.845646666666667,39.0599976,Hit,fairway,green,42.18
2026-05-24,N/A - Golf Club Witbos,90,14,5,Putter,P,51.127135,4.845646666666667,51.12715722222222,4.845505,10.19,Hit,green,green,8.54
2026-05-24,N/A - Golf Club Witbos,90,14,6,Putter,P,51.12715722222222,4.845505,51.127158333333334,4.84553,1.74,Hit,green,green,1.74
2026-05-24,N/A - Golf Club Witbos,90,15,1,Driver,D,51.12696665869065,4.845650816278795,51.12763433333333,4.847849,170.459991,Hit,tee,rough,283.81
2026-05-24,N/A - Golf Club Witbos,90,15,2,52 Degree Wedge,52,51.12763433333333,4.847849,51.12817111111112,4.849176944444444,110.25,Hit,rough,rough,114.299995
2026-05-24,N/A - Golf Club Witbos,90,15,3,52 Degree Wedge,52,51.12817111111112,4.849176944444444,51.12827027777778,4.849155555555556,11.13,Hit,rough,green,6.56
2026-05-24,N/A - Golf Club Witbos,90,15,4,Putter,P,51.12827027777778,4.849155555555556,51.12822452048359,4.849183333333333,5.44,Hit,green,green,4.88
2026-05-24,N/A - Golf Club Witbos,90,15,5,Putter,P,51.12822452048359,4.849183333333333,51.12823,4.849183333333333,0.599999964,Hit,green,green,0.599999964
2026-05-24,N/A - Golf Club Witbos,90,16,1,Driver,D,51.12809249916165,4.849934334520185,51.128295,4.8500966666666665,25.21,Hit,tee,rough,299.69
2026-05-24,N/A - Golf Club Witbos,90,16,0,Unknown,,,,,,0.0,Penalty,,,0.0
2026-05-24,N/A - Golf Club Witbos,90,16,3,Driver,D,51.128295,4.8500966666666665,51.12750166666667,4.847595,195.65,Hit,rough,fairway,320.21
2026-05-24,N/A - Golf Club Witbos,90,16,4,52 Degree Wedge,52,51.12750166666667,4.847595,51.127043611111105,4.846194166666666,110.259995,Hit,fairway,rough,124.95
2026-05-24,N/A - Golf Club Witbos,90,16,5,60 Degree Wedge,60,51.127043611111105,4.846194166666666,51.12697555555556,4.846128333333334,8.849999,Hit,rough,green,18.1
2026-05-24,N/A - Golf Club Witbos,90,16,6,Putter,P,51.12697555555556,4.846128333333334,51.126890833333334,4.84609,9.79,Hit,green,green,9.38
2026-05-24,N/A - Golf Club Witbos,90,16,7,Putter,P,51.126890833333334,4.84609,51.126895,4.846088333333333,0.47,Hit,green,green,0.47
2026-05-24,N/A - Golf Club Witbos,90,17,1,Pitching Wedge,Pw,51.12734595256996,4.843682976252186,51.128380555555545,4.842669444444445,135.08,Hit,tee,fairway,133.599991
2026-05-24,N/A - Golf Club Witbos,90,17,2,60 Degree Wedge,60,51.128380555555545,4.842669444444445,51.12835416666667,4.84264,3.58,Hit,fairway,green,4.58999968
2026-05-24,N/A - Golf Club Witbos,90,17,3,Putter,P,51.12835416666667,4.84264,51.128348333333335,4.842628333333334,1.04,Hit,green,green,1.04
2026-05-24,N/A - Golf Club Witbos,90,18,1,Sand Wedge,Sw,51.128655,4.840894166666667,51.12957055555555,4.839893333333333,123.49,Hit,rough,rough,101.79
2026-05-24,N/A - Golf Club Witbos,90,18,2,52 Degree Wedge,52,51.12957055555555,4.839893333333333,51.12940944444444,4.840035555555556,20.48,Hit,rough,green,21.83
2026-05-24,N/A - Golf Club Witbos,90,18,3,Putter,P,51.12940944444444,4.840035555555556,51.129398333333334,4.840043333333333,1.33999991,Hit,green,green,1.33999991
